key,caption,author,creation-moment,message,email
blink-01,Title1,Writer1,2022/08/21 10:00,Text,peep1@gmail.com
blink-02,Title2,Writer2,2021/01/01 10:00,Text,peep2@gmail.com
blink-03,Title3,Writer3,2022/08/22 01:00,Text,peep3@gmail.com
blink-04,Title4,Writer4,2022/01/23 02:20,Text,peep4@gmail.com
blink-05,Title5,Writer5,2021/11/25 23:23,Text,peep5@gmail.com
blink-06,Title6,Writer6,2022/07/21 10:03,Text,peep3@gmail.com
blink-07,Title7,Writer7,2022/11/17 17:47,Text,peep3@gmail.com
blink-08,Title8,Writer8,2022/11/16 15:50,Text,peep111@gmail.com
blink-09,Title9,Writer9,2022/03/16 17:44,Text,peep3345@gmail.com
blink-10,Title10,Writer10,2022/11/16 19:07,Text,peep135t5@gmail.com
blink-11,Title11,Writer11,2021/07/07 04:40,Text,peepegs2@gmail.com
blink-12,Title12,Writer12,2022/11/16 07:00,Text,peep3ssgfd@gmail.com
blink-13,Title13,Writer13,2020/08/01 08:00,Text,chirthrdhp1@gmail.com
blink-14,Title14,Writer14,2020/09/01 09:30,Text,chirfhghp2@gmail.com
blink-15,Title15,Writer15,2000/10/01 14:00,Text,chijujrp3@gmail.com
blink-16,Title16,Writer16,2022/10/24 16:00,Text,peepyjyr61@gmail.com
blink-17,Title17,Writer17,2003/12/01 18:00,Text,chhggirp2@gmail.com
blink-18,Title18,Writer18,2004/01/02 20:00,Text,peepggg3@gmail.com
blink-19,Title19,Writer19,2005/06/07 15:27,Text,peepjjj1@gmail.com
blink-20,Title20,Writer20,2022/11/18 12:12,Text,chirtyddp2@gmail.com
blink-21,Title21,Writer21,1962/01/15 05:50,Text,shirp3@gmail.com
blink-22,Title22,Writer22,2022/11/16 20:10,Text,shirp4@gmail.com
blink-23,Title23,Writer23,2022/11/17 20:50,Text,shirp5@gmail.com